0,Complains
-199.92817780925088,0
-4254.944901656743,0
-2046.183614393699,0
-369.5867770979321,0
-2176.9895108890328,0
-789.6189309762217,0
-2154.659781462702,0
4577.330300174585,0
9209.749289980802,0
-55.24455350679091,0
1349.8362813698714,0
-2332.966714614699,0
10589.467886154489,0
-1379.032040427875,0
10961.312301027621,0
1968.5990582646382,0
-3698.8874001975246,0
-3861.5758729311165,0
-4574.923236298829,0
3029.849180535277,0
6892.664683544111,0
2175.141672288424,0
-3614.6165319944175,1
5855.273161472455,1
1255.868129144891,1
-1732.6953872939025,0
-1580.4672418079044,0
-2297.7595636714536,1
-4441.800897790577,0
-2905.440229152101,0
2208.4683772485077,0
-3945.7202352842273,1
-4236.75380244314,0
11518.502223511314,0
2460.293194639724,0
-851.772575990668,0
-2900.3751065873366,0
-1751.4640461923896,0
-3213.9660034376975,0
-3002.4901193101114,0
-3871.5941098957805,0
-3747.1627869679046,0
-3343.936227607018,0
-1345.2085076432895,0
-2871.5462556869697,0
1845.5961320545266,0
4369.091940498395,0
-1713.011089282676,0
-137.61132038834876,0
-3085.6502251496586,0
-138.81642241446116,0
-4194.0902820107785,0
-1985.0718589989087,0
-308.0501421224917,0
-2117.0695620401343,0
-728.5071672928993,0
-2093.5480260679115,0
4638.442055569375,0
9270.86104537559,0
5.867201887998817,0
1410.948036764661,0
-2271.854914097376,0
10650.57964154928,0
-1317.9202850330848,0
11022.565682949298,0
2029.710813659428,0
-3637.6339731533176,0
-3800.4640724137935,0
-4513.669809254621,1
3079.380676500791,0
6953.351567646779,0
2236.3950542100974,0
-3554.159120671633,1
5915.676784232825,1
1317.1215110665653,0
-1671.5836318991128,0
-1519.355441290582,0
-2236.647763154131,1
-4380.689097273254,0
-2846.030529510855,0
2268.872000008878,0
-3885.0333143475564,0
-4176.35017968277,0
11579.755597144453,0
2512.806645933273,1
-791.6668863172081,0
-2839.2633060700136,0
-1690.2106642707158,0
-3158.0489874749796,0
-2941.803243495973,0
-3810.916083183871,0
-3686.475866031234,0
-3282.6828456853445,0
-1284.0967522484998,0
-2810.2928737652956,0
1906.8495139762008,0
4421.242806476442,0
-1651.899342176418,0
-76.49956499355812,0
-3024.538469754869,1
-259.938615779216,0
-4316.195547411228,0
-2097.7739402715415,0
-430.00618969084917,0
-2237.6881882774446,0
-850.7306863710114,0
-2215.77137365695,0
4516.218544779796,0
9149.65668643486,0
-115.74491571259841,0
1290.271602202106,0
-2394.0783068089463,1
10528.356130759697,0
-1440.1437958226652,0
10900.059082306489,0
1907.4873028698494,0
-3758.9932788606475,0
-3922.3192446823373,0
-4574.923771639525,0
2968.595961814146,0
6841.151103001202,0
2113.888290366748,0
-3675.8697507155493,0
5800.446371658979,0
1194.614747223217,0
-1792.7862755287488,0
-1640.731752232848,0
-2358.8711558657014,1
-4574.9238774867335,1
-2965.531117386947,0
2151.947968158601,0
-4006.4043749311763,0
-4574.923029575083,0
11458.393600392468,0
2399.0398127180497,0
-912.3380768014331,0
-2961.486698781585,0
-1812.7172649135218,0
-3275.219385359372,0
-3063.176831923707,0
-3932.8473286169124,0
-3807.846926614854,1
-3405.18944632815,0
-1406.319242181988,0
-2932.7986167525532,0
1791.6229879934435,0
4308.4052278848,0
-1774.1228529659975,0
-198.72221812759017,0
-3145.7429918961443,0
-117.79493582674695,0
-4173.069003746139,1
-1964.0503724111945,0
-286.6369814630916,0
-2095.917517428525,0
-707.4856889937164,0
-2072.5265394801972,0
4659.46354215709,0
9291.882531963307,0
26.888688475713934,0
1431.9695233523762,0
-2250.833635832736,0
10671.601136425525,0
-1296.8987984453706,0
11043.717727560906,0
2050.732300247143,0
-3616.482136864783,0
-3779.442794149154,0
-4492.517972966087,0
3100.4021630885063,0
6973.981371874276,0
2257.5470988217076,0
-3533.1378424069935,1
5936.045472412531,1
1338.2735556781745,0
-1650.5621453113986,0
-1498.3341630259424,0
-2215.626484889491,1
-4359.667819008615,0
-2825.4007169948254,0
2289.240696477117,0
-3864.403710154602,1
-4155.981483214531,0
11600.907641756061,0
2542.6986211730073,1
-770.6453997294934,0
-2818.242027805374,0
-1669.0586196591057,0
-3131.560576904414,0
-2921.173430979944,0
-3789.8948049192313,0
-3665.8462618382796,0
-3261.5308010737344,0
-1263.0752656607851,0
-2789.140829153686,0
1928.001558587811,0
4441.611502944682,0
-1630.877855588703,0
-55.47807840584392,0
-3003.516983167154,0
-279.945893299463,0
-2118.9259848831507,0
-450.0230263727681,0
-2257.705024959363,0
-871.7521729587261,0
-2236.792860244664,0
4495.197058192082,0
9129.65418849545,0
-135.74741365200862,0
1269.806417845315,0
-2414.692197937339,0
10507.334644171984,0
-1461.1652824103799,0
10878.90703769488,0
1886.4658162821343,0
-3779.002271691991,0
-3943.4721469494957,0
-4574.9243069802205,0
2947.443917202536,0
6820.1296164134865,0
2092.73624575514,0
-3697.021795327159,0
5780.45821246208,0
1173.4627026116068,1
-1812.7904887792565,0
-1662.396522860206,1
-2379.8926424534166,0
-4574.9244128274295,1
-2985.5353306374545,0
2131.3181556425707,0
-4574.923931575731,0
-4574.923564915779,0
11438.386322872222,0
2377.8877681064405,0
-932.3462119772284,0
-2982.508185369299,0
-1833.8693095251315,0
-3296.371429970982,0
-3083.806644439737,0
-3953.999373228522,0
-4573.514970977129,0
-3426.3414909397598,0
-1426.9339909659302,0
-2953.951519019711,0
1770.2098273340434,0
4287.775415368772,0
-1795.1443395537117,0
-219.7445623708545,0
-3165.745489835555,0
63.47066811095192,0
-3991.803399808441,0
-1782.7847684734961,0
-104.8521641124471,0
-1914.4788423531777,0
-526.2200850560189,0
-1891.2609355424988,0
4840.729146094788,0
9473.148135901003,0
208.1542924134119,0
1613.2351272900742,0
-2069.5680318950376,1
10852.866732074694,0
-1115.6331945076722,0
11225.156402636254,0
2231.997904184841,0
-3435.043461789436,0
-3598.177190211456,0
-4311.07929789074,0
3281.6677670262043,0
7154.727762399029,0
2438.985773897054,0
-3351.8722384692946,1
6116.44572895052,0
1519.712230753522,0
-1469.2965413737002,0
-1317.0685590882435,1
-2040.0068455658861,1
-4178.402215070917,0
-2644.6543264700736,0
2469.6409447265714,0
-3683.65731962985,0
-3975.5812349650764,0
11782.346316831412,1
2715.093736458686,1
-589.3797957917955,0
-2636.976423867676,0
-1487.6199445837592,0
-2955.761896949567,0
-2743.635075443315,0
-3608.629200981533,0
-3485.0998713135277,0
-3080.092125998388,0
-1081.8096617230872,0
-2609.2845366257643,0
2109.4402336631574,0
4622.011751194136,0
-1449.612251651005,0
125.78752553185404,0
-2822.2513792294562,1
-460.23980128344647,0
-2300.364659958498,0
-630.4115197459314,0
-2438.09180302143,0
-1051.687957462661,0
-2418.0576065268137,0
4313.931454254384,0
8949.407573206052,0
-315.9940289414026,0
1089.5125098613307,0
-2594.938813226733,0
10326.069040234284,0
-1642.430028692529,0
10697.468362619533,0
1705.2019276555338,0
-3959.29274905378,0
-4124.450342221651,0
-4574.9248423209165,0
2766.006957438287,0
6639.679203394434,0
1911.2975706797915,0
-3878.460470402506,1
5600.3534752564565,0
992.0240275362603,1
-1993.0336734464554,0
-1841.9487514101688,0
-2561.1582463911145,1
-4574.924948168125,0
-4574.924903045593,0
1950.701811092742,0
-4574.924466916427,1
-4574.924100256476,1
11258.09241488824,0
2196.449093031093,0
-1112.637546994566,0
-3163.7720739959,0
-2015.3079846004775,0
-3477.80924739078,0
-3264.55217730894,0
-4134.2932812125055,0
-4574.157159636954,0
-3607.7801660151067,0
-1607.1780332886779,0
-3135.387621128412,0
1588.425009983399,0
4107.029024844019,0
-1976.4099434914106,0
-401.0075933419057,0
-3345.679375768863,1
-17.43303261719666,0
-4072.12575119537,0
-1863.6884692016451,0
-186.1196160979207,0
-1993.5223498890214,0
-607.1237857841679,0
-1972.1646362706483,0
4759.825445366639,0
9392.244435172855,0
127.25059168526332,0
1532.3314265619256,0
-2150.471569422645,0
10771.963031346542,0
-1196.5368952358212,0
11144.131451488996,0
2151.0942034566924,0
-3516.0682497361513,0
-3679.0807277390627,0
-4392.104085837455,0
3212.66833099665,0
7074.187812928206,0
2357.9608227497974,0
-3431.7973815330442,1
6036.14827202938,0
1438.6872796062644,0
-1550.2002421018483,0
-1397.9720966158507,1
-2115.2644184793994,1
-4259.305752598524,1
-2722.9450839600468,0
2389.3434960939658,0
-3764.197105900131,0
-4055.8786835976825,0
11701.32136568415,1
2643.112345101097,0
-668.9534255292951,0
-2717.8799613952833,0
-1568.6448957310163,0
-3031.1468529763247,1
-2820.9669899260152,0
-3688.7749594344073,0
-3565.6396575838085,0
-3161.1170771456455,0
-1162.7133624512353,0
-2688.7271052255965,0
2028.415282515898,0
4550.61506988249,0
-1530.515952379154,0
44.883824803704556,0
-2903.1550799576053,0
-381.20053662333885,0
-4574.923503969177,0
-2228.6787595857527,0
-550.2612901429834,0
-2357.9432887295793,0
-972.1140761682755,0
-2337.154926654756,0
4394.83515498253,0
9029.495919815017,0
-235.90551913189665,0
1168.1563270964616,0
-2514.8504666177696,0
10406.972740962436,0
-1561.5271856199288,0
10778.49315056625,0
1786.1039130725849,0
-3879.1863477468014,0
-4044.0710181231702,0
-4574.924039309873,1
2847.0300300739045,0
6711.141554160014,0
1992.3225218270509,0
-3797.435682455791,1
5675.178227204488,0
1073.0489786835178,1
-1912.9478998041382,0
-1762.5547915406364,0
-2480.2547088635074,1
-4574.9241451570815,0
-3085.6927416623366,0
2027.5932584030506,0
-4574.923663905383,0
-4574.923297245431,0
11338.201552362407,0
2277.4740441783506,0
-1032.5311456875875,0
-3082.870251779391,0
-1934.2831966537624,0
-3396.785153899071,0
-3184.0132486942075,0
-4054.184306938881,0
-4573.643033970607,0
-3526.755378068391,0
-1527.0922596463606,0
-3054.365406148343,0
1662.7769815931533,0
4187.568811114298,0
-1895.506242763262,0
-320.106465580403,0
-3265.903595315443,0
404.9386190653977,0
-3650.335612054537,0
-1441.3168175190494,0
237.32517726085007,0
-1572.7744279257813,0
-184.75213410157266,0
-1549.7929845880526,0
5182.197105337768,0
9814.61608685545,0
549.6222433678586,0
1954.70307824452,0
-1728.1002441411338,0
11194.334683029138,0
-774.165243553226,0
11566.86081706365,0
2573.4658551392877,0
-3093.3392105625817,0
-3256.7094024575517,0
-3969.3750466638858,0
3623.13571798065,0
7495.486322934622,0
2780.690188324451,0
-3010.404450715391,1
6456.731362540214,0
1861.4166451809178,0
-1127.828590419254,0
-975.6007713343397,1
-1692.893093197889,1
-3836.9344273170127,0
-2303.8957659344783,0
2809.9265783162664,0
-3342.8989222947966,0
-3635.295601375382,0
12124.050731258809,0
3065.8417106757497,0
-247.91184483734924,0
-2295.508636113772,1
-1145.915530156362,0
-2608.4174874016708,0
-2399.668479919597,0
-3267.161413227629,0
-3144.3414739784744,0
-2738.387711570991,0
-740.34171076864,0
-2265.997739650942,0
2451.1446480905533,0
4962.297384783832,0
-1108.1443006965587,0
467.2554764862998,0
-2480.78342827501,1
-800.5703320006651,0
-4574.922700958133,0
-2642.0689111853526,0
-970.9131091457107,0
-2778.5942500767574,0
-1394.4855646503283,0
-2759.526251936267,0
3972.4635032999367,0
8609.162571830118,0
-656.2390303173411,0
749.2311942469514,0
-2935.183814602672,0
9984.60108927984,0
-1983.8603956886627,0
10355.76411139268,0
1363.7332822460812,0
-4299.610466564648,0
-4464.759857215379,0
2424.301848555884,0
6299.434202018495,0
1569.593319452938,0
-4219.019954537997,0
5260.364898703813,0
650.3197763094058,1
-2333.265861616043,0
-2182.888139525539,0
-2902.626034145019,0
-4574.923342146038,0
-3505.9915642675815,0
1610.7125400850946,0
-4574.922860894339,0
-4574.922494234387,0
10917.761720970477,0
1854.7446786036962,0
-1452.9689353673334,0
-3505.240719405353,0
-2357.012235827333,0
-3819.5006854112835,0
-3605.3114322995416,0
-4474.593736033546,0
-4574.925537597819,0
-3949.0155737158966,0
-1947.4238923201651,0
-3477.0735908041556,0
1246.247831810645,0
3766.2706275089668,0
-2317.877894445857,0
-742.3996819247195,0
-3686.2061729491593,1
-78.23050642821818,0
-4133.504574347611,0
-1924.4859430126662,0
-245.3828444605124,0
-2055.7898521619804,0
-667.921259595189,0
-2058.786458758786,0
4699.02797155562,0
9331.446961361835,0
66.45311787424271,0
1471.533952750904,0
-2211.269206434208,1
10711.165557535522,0
-1298.646823645323,0
11083.84539282745,0
2090.296729645671,0
-3576.3544715982384,0
-3739.878364750626,0
-4452.390307699542,0
3139.9665924870333,0
7011.856093668753,0
2297.6747640882522,0
-3493.573413008465,1
5972.793722470976,0
1375.4237039068867,0
-1610.9977159128707,0
-1458.7697336274146,1
-2182.878514296161,0
-4320.103389610087,0
-2787.525995200348,0
2325.988946535561,0
-3826.5289883601245,0
-4119.233233156087,0
11641.03531531114,0
2573.392561919515,0
-731.080970330966,0
-2785.340859068399,0
-1628.930954392561,0
-3097.463071488737,0
-2887.2870736343257,0
-3750.3303755207035,0
-3627.9715400438026,0
-3221.4031358071898,0
-1223.5108362622568,0
-2750.985711164935,0
1968.1292238543547,0
4478.359753003127,0
-1591.3134179016429,0
-15.913649007316963,0
-2963.9525537686263,0
-315.03658336400895,0
-4574.922968628481,0
-2159.053650149696,0
-485.1333378744316,0
-2292.8153364610275,0
-910.3769476538587,0
-2276.357289643192,0
4455.632628793554,0
9094.573309149462,0
-170.82829299799687,0
1234.7157277807682,0
-2449.7730772833274,0
10467.770214773456,0
-1500.7297118089077,0
10838.779372428337,0
1846.9013868836055,0
-3814.0938194120868,0
-3979.2496972688605,0
-4574.923503969177,1
2907.316251935991,0
6784.844939337839,0
2052.608580488595,0
-3733.4862059013417,0
5745.406773560298,0
1134.708757854698,1
-1847.8713681252452,0
-1696.7455334907327,1
-2419.457071851944,0
-3020.616209983443,0
2095.7533857969556,0
-4061.9516744231996,0
-4574.923083442154,0
11403.295632807676,0
2337.760102839895,0
-967.4369020417757,0
-3022.072614767827,0
-1873.9969747916757,0
-3336.4990952375265,0
-3121.4247049065625,0
-3989.090063293069,0
-3864.9369282451653,0
-3463.4927617687604,0
-1462.014870311919,0
-2993.1633706131656,0
1728.955690331466,0
4249.900693574294,0
-1834.5049712225791,0
-259.30899176938146,0
-3200.477873160524,1
-7.944642698374082,0
-4062.6869179831115,0
-1854.2000792828212,0
-176.77989629879357,0
-1984.1826300898929,0
-597.635395865344,0
-1962.6762463518244,0
4769.313835285461,0
9401.732825091676,0
136.7389816040868,0
1541.819816480749,0
-2140.9831795038212,1
10781.451421265367,0
-1187.0485053169982,0
11153.570284701254,0
2160.582593375516,0
-3506.6294165238933,0
-3669.592337820239,0
-4382.665252625197,0
3222.107164208908,0
7083.824872966724,0
2367.3996559620555,0
-3422.358548320786,1
6045.884445481029,0
1448.1261128185224,0
-1540.7118521830257,0
-1388.4837066970276,1
-2105.7760285605764,1
-4249.817362679701,0
-2713.4566940412233,0
2399.079669545614,0
-3754.5600458616123,0
-4046.1425101460336,0
11710.760198896409,0
2652.551178313355,0
-659.5145923170362,0
-2708.39157147646,0
-1559.2060625187582,0
-3021.7080197640666,1
-2811.3299298874963,0
-3679.3361262221492,0
-3556.00259754529,0
-3151.678243933387,0
-1153.2249725324123,0
-2679.2882720133384,0
2036.8532087080303,0
4559.252229128425,0
-1522.0282179235724,0
54.37221472252895,0
-2894.667345502023,0
-391.096522001485,0
-4446.743263182731,0
-2238.167149504576,0
-560.1595395331037,0
-2367.841538119699,0
-981.602466087099,0
-2346.643316573579,0
4385.346765063708,0
9019.599934436872,0
-245.80150451004192,0
1158.2603417183163,0
-2524.746451995915,0
10397.484351043611,0
-1571.0155755387523,0
10769.054317353992,0
1776.6155231537614,0
-3889.0830877956046,0
-4053.5594080419937,0
2837.5911968616456,0
6701.504494121492,0
1982.8836886147928,0
-3806.874515668049,0
5665.286023468166,0
1063.6101454712589,0
-1922.8438851822834,0
-1772.4507769187812,1
-2489.7430987823313,0
-3095.588727040481,0
2017.8570849514017,0
-4136.878709395744,0
-4574.922331033845,0
11328.304812313603,0
2268.0352109660926,0
-1042.427885736391,0
-3092.3586416982143,0
-1943.7220298660209,0
-3406.2239871113293,0
-3193.6503087327264,0
-4063.852093569412,0
-3938.3185269070423,0
-3536.194211280649,0
-1536.9882450245054,0
-3063.804239360601,0
1652.3372413607676,0
4176.931850283197,0
-1905.9952881453269,0
-329.59485549922647,0
-3276.80023615683,0
-199.92685952466763,0
-4256.566799365439,0
-2038.449044271811,0
-369.9657559512834,0
-2177.647754537879,0
-789.7723417759735,0
-2156.3853493338934,0
4575.604569102855,0
9209.654103946898,0
-55.747498200558766,0
1349.8254516201096,0
-2334.6922824858893,1
10587.742155082753,0
-1380.7577714996078,0
10959.383978306221,0
1966.873327192905,0
-3698.9823802616474,0
-3862.9952063381556,0
-4574.9245746505685,0
3027.920857813876,0
6900.537127324259,0
2173.21318636648,0
-3616.544854715819,1
5860.400772943495,0
1253.9396432229478,0
-1732.789715672258,0
-1581.4068562331177,1
-2299.4851315426445,1
-4574.9248423209165,1
-2905.534557530456,0
2211.517377451636,0
-3946.835823293689,0
-4236.8842269124025,0
11518.405356647017,0
2458.3647087177796,0
-852.3271782024335,0
-2902.100674458528,0
-1753.392368913791,0
-3215.8944893596417,0
-3003.6074226306705,0
-3873.522432617182,0
-3748.278374977366,0
-3345.8645503284197,0
-1346.9340755144804,0
-2873.474578408371,0
1849.824217212621,0
4366.974736385252,0
-1715.7374841061824,0
-139.33705146008197,0
-3086.3690563413093,0
-198.20244673751768,0
-4253.476514656911,0
-2044.4578833219662,0
-367.25278147556764,0
-2176.3944580398647,0
-787.8931999044885,0
-2176.8604023623298,0
4579.056031246319,0
9211.475021052534,0
-53.5188224350577,0
1351.5620124416046,0
-2331.2411467435077,1
10591.193617226221,0
-1416.7207672488662,0
10963.240786949566,0
1970.3247893363714,0
-3696.9590774761227,0
-3859.8503050599256,0
-4573.090270600907,0
3019.9946521777338,0
6893.782150065209,0
2177.0701582103666,0
-3613.5453533177647,1
5855.985118293133,0
1255.4517635975872,0
-1730.9696562221693,0
-1578.7416739367136,0
-2300.9524578997043,1
-4440.075329919387,0
-2905.5999388038917,0
2209.1803340691877,0
-3944.602931963668,0
-4236.041845622461,0
11520.430701144724,0
2453.4206216102166,0
-851.0529106402655,0
-2903.414802671942,0
-1749.5355602704458,0
-3217.4350117980366,1
-3004.095686100699,0
-3870.302315830003,0
-3746.045483647346,0
-3342.0077416850745,0
-1343.4827765715563,0
-2870.9576514742344,0
1846.5237109563413,0
4360.5517428579415,0
-1712.286021962716,0
-135.88558931661646,0
-3084.9251495411672,1
515.8016178356074,0
-3542.937011488021,0
-1333.9183801530758,0
343.8263112140439,0
-1465.675091697401,0
-77.35369673559853,0
-1442.3945472220794,0
5289.595534415209,0
9922.014524221424,0
657.0206807338318,0
2062.101515610495,0
-1620.7016435746173,0
11301.73312039511,1
-666.7668061872519,0
11673.960153292031,0
2680.864292505262,0
-2986.239711133659,0
-3149.3108018910357,0
-3862.2700788902034,0
3730.534155346625,0
7603.782063713376,0
2887.7895245528307,0
-2903.0058501488747,1
6565.625305594155,0
1968.5159814092985,0
-1020.4301530532798,0
-868.2021707678236,1
-1585.4944926313729,1
-3729.535826750497,0
-2195.600025155724,0
2918.8205213702086,0
-3234.6030183155,1
-3526.4016583214407,0
12231.150067487186,1
3163.960124779107,1
-140.5134074713742,0
-2188.1100355472563,0
-1038.816193927982,0
-2506.8955086291467,0
-2291.3727391408424,0
-3159.7628126611125,0
-3036.045569999178,0
-2631.288375342611,0
-632.9432734026668,0
-2158.8984034225628,0
2557.2430772988055,0
5070.191930158961,0
-1001.7465105052947,0
574.653913852274,0
-2374.3856463722777,0
-910.6462258671313,0
-2753.0606187249095,0
-1081.044848640895,0
-2888.724274260844,0
-1505.3487266210795,0
-2870.38769859592,0
3861.600504529729,0
8499.114600778008,0
-766.2870013694483,0
639.1060852776454,0
-3045.2317856547793,0
9873.738090509632,0
-2094.760120761635,0
10244.772403853123,0
1252.8718355864266,0
-4409.6983159819165,0
2313.311856327424,0
6189.386230966386,0
1458.601611913382,0
-4329.095848404464,0
5150.400859295328,0
539.3280687698489,0
-2443.3257882189523,0
-2292.355175993854,1
-3013.489196115769,0
-4574.923609816386,0
-3616.070630077151,0
1500.7500527871616,0
-4574.923128564687,0
-4574.922761904735,0
10807.685990304552,0
1743.7531342646807,0
-1563.0431139227026,0
-3616.1021660650063,0
-2468.0039433668894,0
-3930.5043485016427,0
-3715.787242252777,0
-4574.926180672657,0
-4574.925805268167,0
-4059.1024042718823,0
-2057.4701480611748,0
-3588.0827222392745,0
1133.9976229995755,0
3654.7932014520475,0
-2429.741548679307,0
-853.3376854110115,0
-3797.28316004959,0
-2332.966714614699,1
-3614.6165319944175,0
5855.273153183923,1
1255.868129144891,0
-1580.4672418079044,1
-2297.7595636714536,0
-3945.7202352842273,0
11518.50221522278,0
-3213.9660034376975,1
1844.595225034399,0
4368.092039705812,0
-1714.0117530344496,0
-3086.6508806129004,0
5855.273153183923,0
11518.50221522278,1
-3086.6508806129004,1
-505.2080047916147,0
-2343.5012361204854,0
-675.4003509187619,0
-2483.08063419426,0
-1094.8245336246482,0
-2461.3851143653646,0
4270.603946415834,0
8904.449683530216,0
-360.95191861723924,0
1044.544306353162,0
-2639.6929051729094,0
10282.741532395736,0
-1685.7575365310795,0
10654.331786457547,0
1661.8744198169825,0
-4004.260952561948,0
-4168.044825220184,0
2722.8703812762988,0
6595.536504637238,0
1868.1609945178052,0
-3921.597046564493,0
5555.426527077611,0
948.887451374273,1
-2037.9915631222925,0
-1886.4590480817924,0
-2604.485754229665,0
-3210.736404980491,0
1906.6731775606759,0
-4251.6791655291,0
11213.124211380073,0
2153.312516869106,0
-1157.6057505027343,0
-3207.099581834451,0
-2058.4445607624652,0
-3520.9458235527673,1
-3308.4524801771795,0
-4178.574624465857,0
-4053.121717212778,0
-3650.9167421770944,0
-1651.9321252348545,0
-3178.5241972903996,0
1545.6702971745372,0
4063.1287219757787,0
-2019.737451329961,0
-444.33510118045615,0
-3390.647624399565,1
-444.4126929070271,0
-4500.670437072056,0
-2282.248017399353,0
-615.2602031213419,0
-2422.9422017079373,0
-1035.2335293401848,0
-2400.274379826665,0
4331.715701810622,0
8964.542287076161,0
-300.85915187075443,0
1105.7975250742948,0
-2578.5812678561288,0
10343.853287790524,0
-1624.646638791839,0
10715.58500517868,0
1722.9844599006756,0
-3944.1550287762925,0
-4106.794134343165,0
-4574.923191176295,0
2784.121884686334,0
6656.64826003203,0
1929.4143764394794,0
-3860.343782720828,1
5615.471749572619,0
1010.1408332959472,1
-1977.9015325429955,0
-1826.0817950493351,0
-2543.3741169128843,1
-4574.923297023504,0
-3150.6463744011935,0
1967.3583380637174,0
-4190.994980759619,0
-4481.803198071103,0
11273.23282621038,0
2214.56589879078,0
-1097.4998718396114,0
-3145.989659828767,0
-1997.1913420413334,0
-3459.693299286642,1
-3247.766625219133,0
-4117.321360622192,0
-3992.437532443296,0
-3589.663523455962,0
-1590.8231060072526,0
-3117.2735515359136,0
1607.2069321499812,1
4123.815434589374,0
-1958.6256959351708,0
-383.2259187523114,0
-3330.8572280543003,1
-565.316456421383,0
-2404.754454841617,0
-737.4972897527559,0
-2543.2182090250335,0
-1156.07775234578,0
-2522.494133592966,0
4209.4921910210405,0
8844.357937639823,0
-421.0436645076343,0
984.4375700344908,0
-2699.989306448514,0
10226.457243379286,0
-1746.8665557586814,0
10593.078567736415,0
1600.765400589381,0
-4064.366831225071,0
-4229.295470974669,0
2661.6197355218137,0
6534.629567828203,0
1806.9077757966734,0
-3982.850265285625,0
5495.381304582602,0
887.6342326531412,1
-2098.08159370159,0
-1947.0254065481063,1
-2665.597346423913,0
-4574.9245746505685,1
-3270.826435559788,0
1845.9890379137278,0
-4311.734392122718,0
-4574.923886453198,0
11153.015596549758,0
2092.060850258529,0
-1217.7116291658567,0
-3268.2086010620524,0
-2119.6960641725,0
-3582.196469307253,0
-3369.1366198241294,0
-4239.369936350443,0
-4573.771632304781,0
-3712.1699608982262,0
-1712.2259535438125,0
-3239.7748430448855,0
1484.1338253996391,0
4002.442009362182,0
-2080.849206724751,0
-505.4441204080572,0
-3450.7535030626873,1
-423.26064829541883,0
-4479.516722271882,0
-2261.095972787744,0
-596.3572952998811,0
-2401.52818339299,0
-1014.2120427524706,0
-2379.2528932389505,0
4352.737188398337,0
8985.156178204554,0
-279.8376652830393,0
1126.949569685904,0
-2557.559826390947,0
10364.87477437824,0
-1603.6251522041239,0
10736.737049790285,0
1744.006804143939,0
-3923.459220812664,0
-4085.640419542991,0
-4574.235840703314,0
2805.2747869534924,0
6677.669746619745,0
1950.5664210510895,0
-3839.1917832317517,0
5635.973239713357,0
1031.2928779075564,0
-1957.285926103505,0
-1804.053784749051,1
-2522.3526754477025,0
-4574.311413616359,0
-3130.0307679617035,0
1987.989008235295,0
-4170.363498055024,1
-4574.375660686934,0
11293.926963985446,0
2235.717943402389,0
-1076.3461119169046,0
-3124.9673607080367,0
-1976.0392974297242,0
-3438.541254675032,0
-3227.136812703103,0
-4096.169361133115,0
-3971.8060497387014,0
-3568.5114788443525,0
-1569.7999041084408,0
-3096.119791613207,0
1628.6200928093813,0
4144.445247105404,0
-1937.6042093474566,0
-362.20271685350053,0
-3310.2424792703587,1
-585.3237339416296,0
-2425.906499453227,0
-755.5573353980999,0
-2563.23676101805,0
-1177.2297969573897,0
-2543.517335491778,0
4188.470704433327,0
8824.354582044863,0
-441.0470201025937,0
964.4285772031471,0
-2719.9918043879243,0
10200.60829041323,0
-1767.8897576574932,0
10571.926523124806,0
1579.7421986905692,0
-4084.375824056415,0
-4249.533417224286,0
2640.465975599106,0
6514.626212233244,0
1785.7557311850642,0
-4003.7733564789623,0
5475.393145385701,0
866.4821880415311,0
-2118.0858069520978,0
-1967.0326840683529,1
-2686.6188330116274,0
-4574.925109991264,0
-3290.816977948396,0
1825.7425020780765,0
-4574.924421793894,0
11133.008319029512,0
2070.9070903358224,0
-1237.7206219972009,0
-3289.231802960864,0
-2140.849824095207,0
-3603.35022922996,0
-3389.768147651256,0
-4259.37721387069,0
-4574.413820964605,0
-3733.3220055098354,0
-1732.2301667943202,0
-3260.9286029675923,0
1462.720664740239,0
3981.812196846152,0
-2101.870693312466,0
-526.4673223068694,0
-3470.762450771498,0
-243.25568564780042,0
-4298.0814778187305,0
-2089.511122232249,0
-412.34148990679387,0
-2219.7442236978936,0
-832.9464388147717,0
-2197.9872893012525,0
4534.002792336035,0
9166.421782142254,0
-98.57206134534135,0
1306.5087735313218,0
-2376.294222453249,1
10546.140378315937,0
-1422.359548266426,0
10918.175724865636,0
1925.2715504260887,0
-3742.023976359512,0
-3904.903380769667,0
-4573.090538271255,0
2986.7126043732897,0
6848.764380675871,0
2132.005096126436,0
-3657.753108156405,1
5810.990995251089,1
1212.731552982903,0
-1776.0228951324534,0
-1623.7947496464553,1
-2341.087071510004,0
-4485.128405629128,0
-2948.7677369906514,0
2164.1862110271422,0
-3989.620538152467,1
-4281.035968664506,0
11475.365639060794,0
2417.1566184777366,0
-894.9091521526552,0
-2943.7026144258875,0
-1794.6006223543768,0
-3257.102579599685,0
-3046.3904221783514,0
-3914.730686057768,0
-3791.0630898361446,0
-3387.0728037690055,0
-1388.53601548184,0
-2914.682831848957,0
1802.4595558925394,0
4325.191637630155,0
-1756.3386054097582,0
-180.9388282268992,0
-3128.9777329882095,0
-765.615926614516,0
-2607.345174528574,0
-935.9458287712641,0
-2743.6218237690186,0
-1358.6684720327366,0
-2724.7795088072808,0
4007.2051004956293,0
8644.110539722114,0
-621.2910624253409,0
784.1380998413579,0
-2900.2375620217695,0
10023.86652369233,0
-1949.1327917663366,0
10390.488705705007,0
1398.4800253750664,0
-4574.925377661613,0
2459.0307311459546,0
6334.382169910495,0
1604.3187714208143,0
-4184.067264462946,1
5295.288416468608,0
685.0435129661846,0
-2298.328991619296,0
-2147.3257343967884,1
-2867.8835792937766,1
-4574.925645331961,0
-4574.925438386289,0
1645.6411954946489,0
-4574.925483508821,0
-4574.92495713459,1
10952.71441104553,0
1889.47184588267,0
-1418.0110993589897,0
-3470.4939762763674,0
-2322.2850685483586,0
-3784.785473683112,0
-3570.5111075538134,0
-4574.928054365093,0
-4574.927678960604,0
-3914.073820330365,0
-1912.473351461519,0
-3442.3638474207437,0
1280.9358473895945,0
3801.0658063213987,0
-2283.1345819390663,0
-701.905831748084,0
-4574.932291968129,0
-322.8467611667875,0
-4379.1036927988,0
-2160.6820856591125,0
-493.6087786917269,0
-2301.0115124828267,0
-912.0053831632749,0
-2278.890826828859,0
4453.099091607885,0
9085.518244614643,0
-179.47576207349084,0
1227.3634568145353,0
-2457.197759980856,0
10465.236677587789,0
-1503.2632489945745,0
10837.150936918919,0
1844.3678496979392,0
-3823.046191339581,0
-3985.2273900699083,0
-4574.00715495539,0
2905.6878164265745,0
6778.031649829295,0
2050.9801449791785,0
-3738.77789610312,1
5736.1796807672845,0
1131.7066018356463,0
-1856.9247173489625,0
-1703.639897620419,1
-2421.9906090376107,1
-4566.029370190089,0
-3029.6695592071605,0
2088.1945916336745,0
-4070.157751456102,1
-4361.330844330466,0
11394.340687913536,0
2336.131667330479,0
-975.9330824438221,0
-3024.606151953494,0
-1875.625410301092,0
-3338.1275307469427,0
-3126.930208448632,0
-3995.7554740044834,0
-3871.6003031397795,0
-3468.097591715721,0
-1469.4386953538983,0
-2995.706762140124,0
1729.1374581745495,0
4244.651851359872,0
-1837.2423061379072,0
-261.84167129949947,0
-3209.4328180546645,1
-685.5086676519886,0
-4574.924039309873,0
-2526.320386581858,0
-855.7955991683161,0
-2663.4741671327165,0
-1277.6436840860215,0
-2643.8785442463204,0
4088.1088012237788,0
8724.196313364431,0
-541.2052887830237,0
864.2445011483369,0
-2820.1500730683547,0
10100.246387203679,0
-1868.2509664120362,0
10471.512635996172,0
1479.3809899360267,0
2540.052946126024,0
6414.467943552811,0
1685.341844056432,0
-4103.958290189321,0
5375.315034995597,0
766.0683009128998,1
-2218.243217976979,0
-2067.217617778712,1
-2786.9808994217187,0
-4574.924680497777,0
-4574.924635375244,0
1725.6650861429807,0
-4574.924199246079,0
-4574.923832586127,0
11032.823548519696,0
1970.4942240632809,0
-1337.904698052011,0
-3389.5930117154066,0
-2241.2628535682893,0
-3703.763258703043,0
-3489.973894250178,0
-4359.553945063909,0
-4574.5418839580825,0
-3833.7358926384672,0
-1832.3875778192023,0
-3361.3416324406753,0
1362.2031361745267,0
3881.60559259168,0
-2202.232596522015,0
-626.8285310614124,0
-3570.9355901367885,0
99.88244120732543,0
-3956.376368936327,0
-1737.952883285,0
-70.1641485334967,0
-1877.566882324597,0
-491.4784878603259,0
-1856.5193383468063,0
4875.4707432904825,0
9507.889733096697,0
242.89588960910442,0
1650.0926591886473,0
-2034.8264346993446,0
10887.608337558915,0
-1080.8915973119792,0
11259.880139293033,0
2266.7395013805344,0
-3400.3188674771086,0
-3562.499208551887,0
-4276.354703578413,1
3328.4170188006874,0
7200.403301511887,0
2473.709510553833,0
-3316.0488569295503,0
6157.478182485172,0
1554.4359674102998,0
-1434.5549441780072,0
-1280.9108584468495,0
-1999.6192837561002,1
-4143.659760219675,0
-2607.299786036205,0
2509.4931016400933,0
-3648.8612831618652,0
-3940.7494774192633,0
11817.07005348819,0
2758.8610329051326,0
-553.2047377252584,0
-2602.2348266719832,1
-1452.8962079269804,0
-2915.398165172289,0
-2705.631861642756,0
-3573.0264348309133,0
-3450.303834845543,0
-3045.368389341609,0
-1047.0680645273937,0
-2572.97841742156,0
2152.582251533322,0
4665.950198165751,0
-1414.8706544553115,0
160.52912272754656,0
-2787.5097820337633,1
-1105.9199732634843,0
-2949.0494257554283,0
-1276.4474181710434,0
-3084.1242708243462,0
-1700.372723259591,0
-3066.2481542167343,0
3665.737312741724,0
8303.864680690629,0
-961.5369214568286,0
443.85592657142934,0
-3240.472484363737,0
9677.874735521087,0
-2290.58229796913,0
10048.783596822603,0
1057.0113799656128,0
2117.325622263552,0
5994.136310879009,0
1262.6136625384115,0
-4524.840451039973,0
4955.299831627434,0
343.7971685758748,0
-2638.561179788884,0
-2487.629781045756,0
-3209.3522247032297,1
-4574.9238323642,0
1305.6519244870005,0
-4574.923396235035,1
-4574.923351112502,0
10612.383717127766,0
1547.766573799724,0
-1758.342487731757,0
-3811.9626216858205,0
-2663.990177430762,0
-2632.0981231014594,0
-3911.2703625444146,0
-4574.926448343005,0
-4574.926072938515,0
-4574.926938561168,0
-2252.719210493007,0
-4574.9288122536045,0
938.7586692168388,0
3460.3074089863476,0
-2624.6033905490613,0
-1049.1215842051874,0
-4574.931221286737,0
-384.9568601869714,0
-4440.226476628079,0
-2231.21229677142,0
-552.8721702548601,0
-2362.7688146215005,0
-974.6476133539427,0
-2339.687606184874,0
4392.301617796865,0
9024.720607603082,0
-240.27323588451236,0
1164.80759899215,0
-2517.9953969924195,0
10404.439203776765,0
-1564.0598651500477,0
10776.864715056832,0
1783.572091198016,0
-3883.3306978905703,0
-4046.601982342191,0
-4569.199668512361,0
2833.2419540393785,0
6705.892711945592,0
1990.6940863176342,0
-3800.2996035666765,0
5667.338997060079,0
1071.420543174101,1
-1917.7206390494284,0
-1765.4959241856254,1
-2482.788246049175,0
-4569.828666574864,0
-3093.4859463013127,0
2020.5359281472292,0
-4132.487918604998,0
-4424.683678577773,0
11334.05462925199,0
2275.845608668935,0
-1037.804751123073,0
-3085.4020736539605,0
-1935.9116321631795,0
-3398.4127317529387,0
-3189.261233253077,0
-4057.0565660789143,0
-3933.9304702886757,0
-3528.383813577808,0
-1530.2346170543642,0
-3055.991268691113,0
1661.1485460837357,0
4172.905019303697,0
-1898.0397799489283,0
-322.63742979942344,0
-3270.6771922162825,1
-620.4144240061769,0
-2466.034164719772,0
-790.6676468997648,0
-2598.347930175263,0
-1215.7547882960257,0
-2583.082622545855,0
4148.906275034799,0
8789.273702698873,0
-476.12789944858196,0
929.3378871385994,0
-2755.0726837339125,0
10165.177533501133,0
-1807.4550447115703,0
10531.798857858259,0
1540.1769116364922,0
-4119.467371776511,0
-4284.624964944382,0
2600.337452677012,0
6479.5453328872545,0
1745.6280659185195,0
-4038.864046543509,0
5440.341698195388,0
829.330917212531,0
-2153.167543953635,0
-2002.1233741329002,1
-2725.1642737618504,0
-3325.904183294693,0
1790.6901972322157,0
-4574.92361878285,0
11097.917628964966,0
2030.7794250692768,0
-1272.8121697172965,0
-3328.59329228528,0
-2180.977489361752,0
-3643.478752152054,0
-3426.488751126851,0
-4294.467903935237,0
-4574.926340608864,0
-3768.455855086253,0
-1767.3119037958577,0
-3298.538638288687,0
1421.4665277376598,0
3943.9374750516754,0
-2139.8047408737066,0
-560.599645557721,0
-3505.853998491594,1
-313.40792795452944,0
-4572.862655534375,0
-2151.243252446854,0
-484.2690588925989,0
-2291.6717926836986,0
-902.5665499510164,0
-2269.402436910036,0
4462.58748152671,0
9095.006634533467,0
-169.98737215466645,0
1236.8022900267943,0
-2447.709370062032,1
10474.725067506613,0
-1493.774859075751,0
10846.589770131177,0
1853.8562396167636,0
-3813.607358127323,0
-3975.78855685765,0
-4574.465864802979,0
2915.1266496388325,0
6787.520039748116,0
2060.4189781914365,0
-3729.339062890862,0
5745.81673251727,0
1141.1454350479044,0
-1847.436327430139,0
-1694.201064408161,0
-2412.5022191187877,1
-4574.516282027412,0
-3020.1811692883375,0
2097.8316516721934,0
-4060.520691417583,0
-4574.45491385547,0
11403.77952112579,0
2345.570500542737,0
-966.4942492315631,0
-3015.1177620346707,0
-1866.1865770888344,0
-3328.6886975346847,0
-3117.2931484101136,0
-3986.3166407922254,0
-3861.9632431012606,0
-3458.658758503463,0
-1459.9503054350748,0
-2986.267928927866,0
1737.4757678397782,0
4253.28901060581,0
-1828.7545716823256,0
-252.3532813806769,0
-3200.994891862534,1
-695.4054077007922,0
-2535.7592197941167,0
-867.5862410321652,0
-2673.372416522837,0
-1287.0825172982795,0
-2653.366934165144,0
4078.6204113049525,0
8714.30032798629,0
-551.1012741611689,0
854.3477610995333,0
-2830.0460584465,0
10090.757997284858,0
-1877.7393563308592,0
10462.073802783914,0
1469.8926000172032,0
-4194.456640160029,0
-4359.6142333278995,0
2530.614112913765,0
6404.571958174668,0
1675.9030108441739,0
-4113.8550302381245,1
5365.421313629427,0
756.6294677006417,0
-2228.1392033551247,0
-2077.1143578275155,1
-2796.4692893405418,0
-4574.9238774867335,0
-3400.8840452133227,0
1715.7713647768114,0
-4574.923396235035,0
11022.926808470893,0
1961.0553908510228,0
-1347.8014381008147,0
-3399.08140163423,0
-2250.701686780548,0
-3713.202091915301,0
-3499.610954288697,0
-4369.458887629852,0
-4574.284419619387,0
-3843.1747258507257,0
-1842.2835631973471,0
-3370.7804656529333,0
1351.8620062414993,0
3870.9686317605783,0
-2212.7216419040797,0
-636.3169209802359,0
-3581.8441738952397,0
-505.3047001668356,0
-2345.4295588418872,0
-675.5000649766162,0
-2483.1786329410165,0
-1096.7528563460496,0
-2463.108966925458,0
4268.878215344098,0
8904.354497496312,0
-361.04710465114385,0
1044.4484686334908,0
-2639.9918889364744,0
10285.782139379015,0
-1687.4813890911732,0
10652.403463736144,0
1660.15056725689,0
-4004.3559326260715,0
-4169.513525793943,0
2720.9437738659944,0
6594.626127684692,0
1866.2326717964033,0
-3923.525369285895,0
5555.3357058671145,0
946.9591286528712,0
-2038.0850338450991,0
-1887.013650293558,0
-2606.211322100856,0
-3210.829875703297,0
1905.6859202150408,0
-4574.925215838473,0
-4574.924689464242,0
11213.027352804307,0
2151.3848886027117,0
-1157.7007305668571,0
-3208.823434394544,0
-2060.372025828318,0
-3522.8724309630716,0
-3309.568068186641,0
-4179.358180095895,0
-4054.1469667027436,0
-3652.1712139811198,0
-1652.2293936873216,0
-3180.4508047007034,0
1542.3350546188149,0
4061.0115178626356,0
-2022.463837864936,0
-439.99305669839123,0
-3391.743198690934,0
-504.9288004962709,0
-4560.200132248476,0
-2351.1842370807194,0
-674.7421072699158,0
-2483.375135810483,0
-1094.6195536632417,0
-2459.660404149722,0
4272.329677487564,0
8904.748667293781,0
-360.24517619381095,0
1044.8356586828504,0
-2637.9673373017185,0
10284.467263467468,0
-1684.0326631148955,0
10656.260109178947,0
1663.5984355776181,0
-4003.9370190795526,0
-4166.575637962588,0
-4574.693479869512,0
2713.2682984189805,0
6587.818768342052,0
1870.0894804397494,0
-3920.271543875976,0
5550.530376305173,0
950.8159372962164,0
-2037.6942946698255,0
-1885.4678644949245,1
-2602.760186358474,0
-4574.718741405332,0
-3211.561605215953,0
1903.7256003697585,0
-4250.563577519639,0
-4541.494006355244,0
11213.450023374106,0
2155.241002791049,0
-1157.7784067434695,0
-3205.3757292743576,0
-2056.5162380410634,0
-3519.0181952863722,0
-3307.3360345121696,0
-4177.028506388214,0
-4052.0061292033165,0
-3648.9884194556926,0
-1650.2082726747612,0
-3176.5975898800953,0
1539.5430331857242,0
4055.0970091585104,0
-2019.0123757214697,0
-442.6110854198205,0
-3391.651503299921,0
210.8739855463391,0
-3849.2777271629534,0
-1630.8535470566203,0
36.33698541969534,0
-1771.0657483714035,0
-384.0800504943518,0
-1749.1209009808326,0
4982.869180656454,0
9615.28817046267,0
350.29432697507946,0
1757.191995417027,0
-1927.427834132829,0
10995.006766636357,1
-973.4931599460056,0
11366.97947552141,0
2374.1379387465086,0
-3293.220225703735,0
-3455.399709122965,0
-4574.694550550904,0
3435.516355029067,0
7307.8017388778635,0
2580.8088467822117,0
-3208.949357500628,0
6265.773923263926,0
1661.5353036386814,0
-1327.1565068120326,0
-1174.928361326035,0
-1892.2206831895842,1
-4036.259283136328,0
-2499.901348670231,0
2617.7888424188486,0
-3540.566236838117,0
-3831.85365784849,0
11924.169389716568,0
2865.9603691335133,0
-446.1054014968786,0
-2494.836226105467,0
-1345.7968716985997,0
-2808.2988289439086,0
-2597.3361208640017,0
-3465.926935401991,0
-3342.008788521795,0
-2938.269053113229,0
-939.6696271614201,0
-2465.8790811931804,0
2258.0819753526157,0
4773.24603815192,0
-1308.4728725525802,0
267.9275600935207,0
-2681.112000131031,0
-1216.0214935426525,0
-3060.0402756394365,0
-1386.578300010679,0
-3194.2542950084335,0
-1811.364430799148,0
-3177.1096008763875,0
3554.8741507709747,0
8193.818424949619,0
-1071.5831771978383,0
333.7325329132218,0
-3350.529676794267,0
9571.170564925917,0
-2401.482023042103,0
9937.793604594142,0
946.1499333059601,0
2006.3356300350915,0
5884.090055137997,0
1151.623670309952,0
-4574.925109991264,1
4845.335792218947,0
233.72127470940904,1
-2748.6211063917935,0
-2597.7313013249245,0
-3320.2136713628834,0
-4574.9243069802205,1
-3921.365948249992,0
1195.6894371890676,0
10502.307986461845,0
1436.776744771808,0
-1868.4166662871262,0
-3922.8240683454737,0
-2774.9801696592212,0
-4237.4805747939745,0
-4021.489511169999,0
-4574.926716013353,0
-4364.479387258501,0
-2362.765466234016,0
-3894.1431348585165,0
826.5084604057693,0
3348.829982929431,0
-2736.261531741753,0
-1160.059587691479,0
-4102.459402081551,0
-4574.923771639525,1
948.887451374273,0
-2604.485754229665,1
-4251.6791655291,1
-3520.9458235527673,0
1544.6688870406379,0
4062.128821183195,0
-2020.7381067932024,0
-3391.6484862971593,0
-3921.597046564493,1
-1886.4590480817924,1
106.79817594950237,0
-3948.4758919698907,0
-1739.4572606349461,0
-62.09745130358624,0
-1871.342266191191,0
-482.8925772174689,0
-1847.9334277039488,0
4884.05665393334,0
9516.475643739555,0
251.48180025196234,0
1656.5626351286237,0
-2026.2405240564867,1
10896.194248201773,0
-1072.3056866691218,0
11268.29297879824,0
2275.3254120233923,0
-3391.9068856274484,0
-3554.8496823729056,0
-4267.942721728753,0
3324.9952748647556,0
7198.628065267269,0
2482.1223500590413,0
-3308.544730630744,0
6160.727886883352,0
1562.8488069155092,0
-1425.9690335351493,0
-1273.741051249693,1
-1996.106542697646,1
-4135.074707232367,0
-2600.7540236018335,0
2513.923110947937,0
-3639.75701676161,0
-3931.2990687437104,0
11825.482901281932,0
2758.4212442972357,0
-546.052287953245,0
-2593.6489160291258,0
-1444.4833684217715,0
-2912.4343891110166,0
-2699.3529092219487,0
-3565.3016931429825,0
-3441.1995684452877,0
-3036.9555498364,0
-1038.4821538845363,0
-2565.957028787214,0
2152.5768098251447,0
4666.293917415503,0
-1406.2847355239223,0
169.1150333704045,0
-2778.923871390906,1
167.9099313442921,0
-3887.3639282520253,0
-1678.345505240156,0
-0.5608163281431189,0
-1810.0888842695163,0
-421.7808218226792,0
-1811.327611346133,0
4945.16840932813,0
9577.587399134343,0
307.78527546342957,0
1717.6743905234143,0
-1968.6493723787958,0
10957.306003596561,0
-1051.1879762326703,0
11329.546360719916,0
2336.437167418182,0
-3330.6532953826995,0
-3493.73771865504,0
-4207.084920199613,0
3386.1070302595454,0
7259.314941081405,0
2543.3757319807155,0
-3247.4327669128797,1
6221.131517932256,1
1621.564141679397,0
-1364.8572781403595,0
-1212.6290875318286,1
-1935.4194585604341,0
-4073.9627435145017,0
-2540.067147787696,0
2574.326733708308,0
-3579.0699326243976,1
-3870.895445983341,0
11886.736283203601,0
2819.5329996920264,0
-484.94053255845483,0
-2537.8818033326716,0
-1383.2299865000964,0
-2851.3226337162264,0
-2638.9492864615795,0
-3504.1897294251175,0
-3380.5124843080753,0
-2975.702167914726,0
-977.3703984897461,0
-2504.8452733924237,0
2213.830191746818,0
4726.697540175873,0
-1345.1729801291322,0
230.22678876519421,0
-2717.8121159961156,1
45.686583755255015,0
-4009.584911197492,0
-1800.5688528291935,0
-122.51686389650149,0
-1931.9086246575048,0
-544.0043326122586,0
-1909.0450198981966,0
4822.944898538549,0
9456.38304019361,0
190.98143804615484,0
1595.4510429343773,0
-2087.352116250735,0
10835.082484518454,0
-1133.417442063912,0
11207.03976007711,0
2214.2136566286017,0
-3452.012764290571,0
-3615.9604169116046,0
-4267.943257069449,0
3263.8836826705065,0
7137.94118945313,0
2420.868968137368,0
-3369.6563228249925,1
6100.636341269391,0
1501.595424993835,0
-1486.0599217699955,0
-1334.8526434439414,0
-2052.1449653074906,1
-4268.197686928523,0
-2660.7973675852036,0
2453.5194881875686,0
-3700.4411564085594,0
-4269.468295875654,0
11765.374278163086,0
2706.020490488667,0
-606.5516293029614,0
-2654.7605082233736,0
-1505.7365871429033,0
-2968.238707588754,0
-2757.213450200548,0
-3626.4132853372303,0
-3501.883708092237,0
-3098.2087685575325,0
-1099.5928884232353,0
-2625.8179389819347,0
2091.3234279034696,0
4605.890457855673,0
-1467.3964992072447,0
108.00413563116308,0
-2839.016638137391,1
188.9314179320072,0
-3866.342813187928,0
-1657.3240186524413,0
20.852344331256063,0
-1788.9368396579066,0
-400.75933523496496,0
-1790.6977988301037,0
4966.189895915843,0
9598.60888572206,0
333.6150422344663,0
1738.6958771111294,0
-1944.1074452745247,1
10978.327481895747,0
-1030.558163716641,0
11350.698405331525,0
2357.458654005897,0
-3309.501622294707,0
-3472.7166035909427,0
-4185.537458396011,0
3407.1285168472596,0
7279.944753597437,0
2564.5277765923247,0
-3226.4116518487817,1
6241.500206111962,0
1642.5856282671111,0
-1343.8357915526444,0
-1191.607972467731,1
-1914.790017568021,1
-4052.941628450404,0
-2519.437335271666,0
2594.695430176548,0
-3558.440491631985,1
-3850.526749515101,0
11907.888319526683,0
2840.5544862797415,0
-463.9190459707406,0
-2517.2523623402585,1
-1362.0779418884872,0
-2830.3011471285117,0
-2618.5805899933393,0
-3483.1686143610204,0
-3359.8830433156622,0
-2954.5501233031164,0
-956.348911902031,0
-2483.823786804709,0
2234.982236358428,0
4747.066236644111,0
-1324.1514935414175,0
251.24827535290842,0
-2696.7906294084014,1
25.68408581584481,0
-4268.197419258174,0
-1821.5903394169077,0
-145.14604886021698,0
-1951.915902177751,0
-565.0258191999728,0
-1930.0665064859113,0
4801.9234119508355,0
9436.380542254203,0
170.97894010674554,0
1575.0409495356453,0
-2107.966007379128,0
10814.060997930737,0
-1154.438928651627,0
11185.887715465498,0
2193.1921700408866,0
-3472.021757121915,0
-3636.982761154868,0
-4267.943792410145,0
3242.8621960827913,0
7117.311376937102,0
2399.716923525759,0
-3390.6778094127067,1
6080.657741234162,0
1480.4433803822249,0
-1506.0641350205037,0
-1355.6703323019951,1
-2073.166451895205,1
-4268.198222269219,0
-2680.7872420932026,0
2433.1507917193285,0
-4268.960713053114,0
-4269.46883121635,0
11745.36700064284,0
2676.288002314732,0
-626.5549848979203,0
-2675.781994811088,0
-1526.8886317545125,0
-2994.567631093521,0
-2777.8432627165776,0
-3647.434771924945,0
-4267.551752454512,0
-3119.3608131691417,0
-1120.207637207177,0
-2646.9708412490927,0
2070.1713832918604,0
4585.521761387435,0
-1488.417985794959,0
86.98179138790056,0
-2859.0191360768013,1
370.19702186970517,0
-3685.07720925023,0
-1476.0584147147429,0
202.63716168190058,0
-1607.4981645825596,0
-219.4937312972661,0
-1609.9514083053514,0
5147.455499853541,0
9779.87448965976,0
509.1614785042111,0
1919.9614810488274,0
-1767.2735408616309,0
11159.593085833443,0
-849.8117731918887,0
11532.137080406868,0
2517.6188648931548,0
-3128.9859991682715,0
-3291.4509996532447,0
-4004.7982011978174,0
3588.3941207849575,0
7460.691144122186,0
2745.966451667672,0
-3045.1460479110838,1
6421.900454361416,0
1823.85123220481,0
-1166.82831288833,0
-1010.3423685300327,1
-1734.0436270432692,1
-3871.6760245127057,0
-2338.690944746914,0
2775.0956784260006,0
-3377.694101107233,1
-3670.1265012656468,0
12089.32700289056,0
3021.8200902174394,1
-282.65344203304176,0
-2336.505971815507,0
-1180.6392668131411,0
-2649.0355431908138,0
-2438.180341743885,0
-3301.9030104233216,0
-3179.1366527909104,0
-2773.11144822777,0
-780.26515012354,0
-2302.558182867011,0
2416.4209114337746,0
4927.466484893567,0
-1149.5106620616957,0
432.5138792906073,0
-2515.525025470703,0
-154.56252947354915,0
-2002.8559433546066,0
-325.43995684420133,0
-2130.6024772270825,0
-746.2914231376712,0
-2111.3312527680605,0
4620.657808013138,0
9256.133926964809,0
-9.267675182649327,0
1394.7943342462513,0
-2288.212622668522,0
10632.795393993041,0
-1335.7036749337758,0
11004.449040390155,0
2011.9282814142862,0
-3652.312234483704,0
-3817.838196666598,0
-4267.944327750841,0
3072.987635208904,0
6937.078309067653,0
2218.2782484504105,0
-3571.47995583243,0
5900.647589417719,0
1299.0047053068783,0
-1686.3073196877017,0
-1535.9169475913886,0
-2254.432055832903,1
-4268.1987576099145,0
-4268.198549286839,0
2252.830278067574,0
-4268.96124839381,0
-4269.469366557046,0
11565.073092658859,0
2503.429770801711,0
-805.656869223948,0
-2857.0458834376886,0
-1708.32730682986,0
-3170.828569620162,0
-2958.5887955857806,0
-3827.31276664243,0
-4268.193941114337,0
-3300.799488244489,0
-1300.4516795299241,0
-2828.4069433577943,0
1888.7327082165139,0
4412.992406567178,0
-1669.6835897326573,0
-94.28123958315246,0
-3039.26419925564,1
289.2933211415557,0
-3765.980746777837,0
-1556.962115442892,0
121.36970969642607,0
-1688.5231157298176,0
-300.3974320254147,0
-1665.438282511895,0
5066.551799125392,0
9698.970788931609,0
433.97694544401656,0
1839.057780320678,0
-1843.745378864433,1
11078.689385105296,0
-889.8105414770675,0
11451.11212925961,0
2457.8205572154457,0
-3209.0877351660756,0
-3372.3545371808514,0
-4085.1235712673797,0
3507.490420056809,0
7380.151194651365,0
2664.9415005204146,0
-3126.0495854386904,0
6341.603014017345,0
1745.6679573768824,0
-1243.4738883430955,0
-1091.2459060576393,1
-1814.58341331355,1
-3952.579562040313,1
-2419.230894217738,0
2694.798229793395,0
-3458.2338873775143,0
-3750.423949898253,0
12008.302051743303,1
2940.91638948929,0
-363.55714276119124,0
-2411.153770837072,0
-1261.6642179603987,0
-2729.9392439189623,0
-2518.4777903764916,0
-3382.8065479509287,0
-3259.6764390611916,0
-2854.1363993750274,0
-855.9870086924825,0
-2383.4618835951605,0
2335.395960286517,0
4847.16903626096,0
-1223.7895986204007,0
351.6101785624587,0
-2596.428726198852,0
-74.4741828645856,0
-4268.197151587826,0
-1921.952405827,0
-242.77196434863617,0
-2052.1008358881104,0
-665.3877224095222,0
-2030.4285728960026,0
4701.561508741283,0
9336.22227357377,0
70.8208346268566,0
1474.882680855214,0
-2208.1242760595583,0
10713.69910300972,0
-1254.8008318611755,0
11085.473828336864,0
2092.830266831338,0
-3572.2058331767253,0
-3737.344827564959,0
-4267.943524739797,0
3142.5001296727014,0
7017.104935883172,0
2299.303199597668,0
-3491.0398758227984,1
5980.632960903918,0
1380.0296564541359,0
-1606.221546045385,0
-1455.8286009824255,1
-2177.6296720817422,0
-4268.197954598871,1
-2780.864658028299,0
2333.047992102479,0
-4268.960445382766,0
-4269.468563546002,0
11645.182238421556,0
2575.9260991051824,0
-726.7132535783508,0
-2776.1440612211795,0
-1627.3025188831448,0
-3094.9295343030703,0
-2880.2280280674063,0
-3747.5930406053753,0
-4267.67981544799,0
-3219.774700297773,0
-1220.3659058876074,0
-2748.452173979268,0
1969.7576593637714,0
4485.4187985700455,0
-1588.7798890045083,0
-13.380111821649734,0
-2959.1772415566898,1
711.6649728241509,0
-3343.609421496326,0
-1134.5904637602966,0
544.8145030551977,0
-1265.7937501551633,0
121.9742196571815,0
-1269.192847769757,0
5488.923450807989,1
10121.342440614204,0
856.3485971266118,0
2261.429432003273,0
-1421.3740535829224,0
11501.061045076422,1
-509.0532126562939,0
11873.841494834269,0
2880.192208898041,0
-2786.358695992505,0
-2949.9832118993404,0
-3662.3945320938096,1
3929.8620717394033,0
7801.449704657783,0
3087.6708743836007,0
-2703.67826015718,1
6762.18445594569,0
2165.3191831592558,0
-821.1022366604998,0
-668.8745807761284,1
-1393.2852297082163,0
-3530.208236758802,0
-1997.932384211319,0
3115.3813120156956,0
-3036.9357037721797,0
-3329.8408676759523,0
12431.031417317961,0
3363.288041171886,0
58.81450892140401,0
-1995.7475744804537,1
-838.9348523857439,0
-2307.567592236367,0
-2097.894708154191,0
-2960.4352226694177,0
-2838.3782554558575,0
-2431.407033800373,0
-433.6153570098868,0
-1961.0902319125648,0
2758.1253258611705,0
5267.752118483261,0
-801.4179386492733,0
773.9818385335848,0
-2174.0570745162568,1
-494.80769405003,0
-4268.196348576782,0
-2344.323894309052,0
-663.4239465519049,0
-2472.539646423947,0
-1087.759374092117,0
-2452.8000613780555,0
4279.18985705869,0
8915.888762388324,0
-349.51283975912975,0
1054.5985479731507,0
-2628.4576240444603,0
10291.327443038594,0
-1677.1340419299095,0
10662.744625962754,0
1670.4594728042912,0
-3992.6326861669518,0
-4158.064916491426,0
2720.129498846196,0
6597.08973251501,0
1876.5738340230137,0
-3912.392212456005,0
5560.830071547637,0
957.3002908794824,0
-2026.5395078572901,0
-1876.1619489673276,0
-2595.899843586807,0
-4268.197151587826,1
-3200.8532121328594,0
1913.0119025419444,0
-4268.959642371722,0
-4269.467923735499,0
11224.742398741095,0
2153.554447422587,0
-1147.0450494526976,0
-3198.5145288471417,0
-2050.0317212572563,0
-3517.2900860956033,0
-3299.3482137769242,0
-4167.904515211238,0
-4268.962319075203,0
-3642.0403642900383,0
-1640.6977017619542,0
-3170.109318067817,0
1547.028293789117,0
4064.8358795482864,0
-2011.151540687103,0
-435.67332816596627,0
-3379.488021707546,1
228.49584733053507,0
-3826.7783837894003,0
-1617.759589253913,0
62.10648133383529,0
-1748.809174391362,0
-361.1949058364353,0
-1752.8230770356267,0
5005.754325314371,0
9638.173315120588,0
366.2898097739371,0
1778.2603065096573,0
-1910.1452095919062,1
11017.891911294275,0
-992.6834419221632,0
11382.021992963982,0
2374.74719616288,0
-3270.687173707442,0
-3433.152174192415,0
-4146.4993757369875,0
3446.6929462457874,0
7317.819475391915,0
2599.140218953884,0
-3186.847222450254,1
6278.248464458938,0
1682.15005766564,0
-1309.6999816186049,0
-1152.0435430692028,0
-1876.9152957735441,1
-4013.3771990518762,0
-2481.5626134771887,0
2631.44368023499,0
-3520.565769837508,0
-3813.7784994566578,0
11948.01599308176,0
2880.1189156782693,0
-424.35461657221276,0
-2479.3776405457816,0
-1328.1547653948896,0
-2790.736717729984,0
-2581.8323399348965,0
-3443.6041849624926,0
-3322.0083215211853,0
-2914.4224580365717,0
-923.1368188538145,0
-2444.2593574061816,0
2275.109901624972,0
4783.814486702556,0
-1292.3823390805028,0
290.8127047514363,0
-2657.226200009873,1
-8.056068793934173,0
-4267.942454058405,0
-1852.0731355796197,0
-177.64417528062768,0
-1985.3261738672222,0
-604.5902485985002,0
-1969.6310990849806,0
4762.358982552306,0
9401.299499707671,0
135.8980607607573,0
1541.696242350843,0
-2143.0468867251166,1
10774.49656853221,0
-1194.0033580501545,0
11145.75988699841,0
2153.6277406423596,0
-3507.1133048420106,0
-3672.269182698785,0
-4267.942989399101,0
3214.296766506068,0
7091.571293096594,0
2359.5892582592132,0
-3426.5056913312656,1
6051.370146994926,0
1441.689435625316,0
-1541.1451775670334,0
-1390.7512116479838,0
-2112.7308812937326,0
-4268.197419258174,1
-2713.890019425232,0
2401.7167675201154,0
-3755.9966584177228,0
-4269.468028205305,0
11710.276310578294,0
2644.740780610514,0
-660.4563874716996,0
-2715.346424209616,0
-1567.0164602215996,0
-3029.5184174669084,0
-2815.461486383945,0
-3682.109548722993,0
-3558.976443894928,0
-3156.5122471986847,0
-1155.2886797537076,0
-2686.1828560430895,0
2036.4450161258137,0
4555.863912096908,0
-1527.7786174638259,0
47.417361989372694,0
-2894.10001542279,0
298.7817110603801,0
-3756.4923568590134,0
-1547.4737255240684,0
130.7094294955532,0
-1679.0842825175591,0
-290.9090421065912,0
-1655.9498925930711,0
5076.040189044216,0
9708.459178850433,0
443.46533536283914,0
1848.5461702395023,0
-1834.25698894561,0
11088.177775024116,1
-880.3221515582445,0
11460.550962471872,0
2467.308947134269,0
-3199.6489019538176,0
-3362.866147262028,0
-4075.684738055121,0
3516.9788099756324,0
7389.788254689883,0
2674.3803337326726,0
-3116.5611955198674,1
6351.3391791804615,0
1755.1067905891396,0
-1233.985498424272,0
-1081.7575161388163,1
-1804.9463532750315,1
-3943.0911721214893,0
-2409.5938341792184,0
2704.534403245045,0
-3448.5968273389954,0
-3740.687776446604,0
12017.740884955561,0
2950.4047794081143,0
-354.06875284236685,0
-2401.6653809182485,0
-1252.2253847481402,0
-2720.450854000139,0
-2508.7416169248427,0
-3373.318158032105,0
-3250.0393790226726,0
-2844.697566162769,0
-846.498618773659,0
-2373.9734936763366,0
2343.8338864786483,0
4855.905812033799,0
-1215.301864164819,0
361.0985684812813,0
-2587.9409917432704,1
-85.18535916137535,0
-4140.4594270807675,0
-1931.4407957458225,0
-254.62506730722907,0
-2063.600249864822,0
-674.8761123283452,0
-2039.916962814826,0
4692.073118822463,0
9324.899704087999,0
59.49826514108463,0
1464.579100017747,0
-2218.2240591673644,1
10704.210704802364,0
-1264.289221779999,0
11076.03499512461,0
2083.3418769125137,0
-3583.7069624645346,0
-3746.8332174837824,0
3133.011739753877,0
7007.467875844653,0
2289.864366385411,0
-3500.528265741622,1
5970.194613872848,0
1370.590823241877,0
-1617.5449731867047,0
-1465.7245863605704,0
-2187.2667321202616,0
-4326.650646883922,0
-2791.657551696797,0
2323.311818650831,0
-3830.917206184225,0
-4121.910361040817,0
11633.682824444844,0
2566.437709186359,0
-738.0358230641223,0
-2785.6324511400026,0
-1636.7413520954024,0
-3104.417924221894,0
-2889.9642015190557,0
-3757.2852282538597,0
-3632.3597578679023,0
-3229.213533510032,0
-1230.465688995413,0
-2757.940563898091,0
1959.3179191313857,0
4474.6832274395865,0
-1599.2689343865732,0
-22.86850174047231,0
-2971.5004665057027,1
106.36679479058967,0
-3949.8927098080685,0
-1731.4685297017345,0
-64.4314469259507,0
-1871.83418071705,0
-484.6183082892012,0
-1849.6591587756816,0
4882.330922861604,0
9514.95371039748,0
249.75606918023004,0
1656.5770127719134,0
-2027.966091927678,0
10894.46850884151,0
-1074.031417740855,0
11266.364492876295,0
2273.59968095166,0
-3393.6062549305775,0
-3556.0146917680795,0
3334.9013723839516,0
7207.263481083014,0
2480.193864137098,0
-3309.5643401457432,1
6165.465840019876,0
1560.9203209935658,0
-1427.4909668772211,0
-1275.466619120884,1
-1992.7589409844336,0
-4136.596477373897,0
-2600.2358087354196,0
2517.4807591747967,0
-3640.874320082169,0
-3932.0110255643904,0
11823.783360489728,0
2765.3453864883995,0
-546.7203841419932,0
-2595.3744839003166,0
-1446.4118543437153,0
-2908.9138115890237,0
-2697.6442041080536,0
-3566.5419180471063,0
-3442.3168717658464,0
-3038.884035758344,0
-1040.2078849562695,0
-2566.494063838295,0
2157.3135430069688,0
4672.93795490787,0
-1409.0111303474291,0
167.38930229867037,0
-2781.446460196219,0
108.52390702123466,0
-3946.7503240987,0
-1737.731529563213,0
-59.763455681220876,0
-1869.4137802692467,0
-481.1668461457357,0
-1870.89702063917,0
4885.782385005071,0
9518.201374811288,0
248.21586617039338,0
1658.288366200357,0
-2028.219153195449,0
10897.919979273509,0
-1110.757385525707,0
11262.050052654686,0
2256.673252559337,0
-3390.659114016741,0
-3553.1241145017148,0
-4266.471316046287,0
3326.721005936487,0
7199.74553178837,0
2479.1682786445854,0
-3306.8191627595534,1
6161.439851992564,0
1562.1781173563413,0
-1427.7739252221477,0
-1272.0154833785023,1
-1994.9892393770874,1
-4133.349139361176,0
-2599.636557080733,0
2514.635067768618,0
-3638.6397134410513,0
-3930.5871119230305,0
11827.411387203872,0
2760.14697536897,0
-544.3265568815123,0
-2597.451584149325,0
-1448.1267057041891,0
-2910.7086580392834,0
-2698.640952401269,0
-3563.5761252717916,0
-3440.082265124729,0
-3035.0270639144564,0
-1041.2107624573582,0
-2564.231297715481,0
2153.5043887269603,0
4666.006476557371,0
-1411.4561834766296,0
170.8407644421386,0
-2778.1987957824144,0
822.5279715943598,0
-3236.21082092981,0
-1027.1920263943225,0
651.3156370083916,0
-1158.6944139267825,0
229.37265702315472,0
-1160.8971069910021,0
5596.321888173962,0
10228.740877980177,0
958.2157798185617,0
2368.8278693692473,0
-1318.2192395472812,0
11608.459482442398,0
-400.7574718775395,0
11980.94083106265,0
2987.590646264014,0
-2679.2591965635834,0
-2842.5846113328244,0
-3555.9318128773975,0
4037.2605091053783,0
7909.745445436537,0
3194.7702023234488,0
-2596.2796513021317,1
6871.080031005052,0
2272.717620525231,0
-713.7037992945266,0
-561.4759802096128,1
-1284.9893257289195,1
-3422.809636192286,0
-1889.6366434325646,0
3224.275255069637,0
-2928.6397997928834,0
-3220.9469246220106,0
12538.130753546342,0
3470.6864785378593,0
166.21294628737814,0
-1887.451670501157,0
-731.835516157364,0
-2200.169154870394,0
-1989.0007651002488,0
-2853.0366221029017,1
-2730.0823514765607,0
-2324.307697571993,0
-326.21691964391266,0
-1853.6917945465912,0
2864.2237550694235,0
5375.6466638583925,0
-695.0201650350732,0
881.3802676110272,0
-2067.659292613525,1
-606.2822492097639,0
-4574.922271464645,0
-2455.187056279803,0
-775.5105396155623,0
-2584.2190718738702,0
-1198.6223728623263,0
-2563.6632233488062,0
4168.326858288482,0
8804.41420722859,0
-460.9872317183217,0
943.0746145100356,0
-2739.9321792041937,0
10180.464444268382,0
-1788.0354823139796,0
10551.752918423197,0
1559.595616378535,0
-4104.324763617493,0
-4269.560326168917,0
2609.2654792198973,0
6486.227378459743,0
1765.582289683999,0
-4023.8667676157384,0
5450.375742761654,0
846.3087465404669,0
-2138.030470046111,0
-1987.636504127061,1
-2706.7630055575582,0
-4574.92307447569,0
-3311.7430731072773,0
1802.55671610041,0
-4351.900021385393,0
-4574.922063363497,0
11113.063994147262,1
2050.7338120353006,0
-1258.521319923529,0
-3309.3785484734417,0
-2161.0234287968133,0
-3623.525386042122,0
-3409.8257390412573,0
-4279.400943750011,0
-4154.497549043502,0
-3753.495610211442,0
-1752.1739722327852,0
-3281.105638291394,0
1435.0358424299748,0
3953.6160477427575,0
-2123.0151949205538,0
-546.6147622744534,0
-3491.9859633651095,1
-2026.2405240564867,0
10896.194239913242,0
-3308.544730630744,1
-1996.106542697646,0
2151.575902805016,0
4665.294519736693,0
-1407.285399275696,0
-2779.924526854147,1
6160.7278951718845,0
-3639.75701676161,1
